"ITTER107","Territorio","TIPO_DATO_VIAGGI","Tipo Dato","ISO","Destinazione","TIPO_VIAGGIO2","Tipo di viaggio","SEXISTAT1","Sesso","ETA1","Classe di età","CONDIZIONE_DICH","Condizione professionale","TIME","Seleziona periodo","Value","Flag Codes","Flags"
"IT","Italia","DEM_PTOUR_PERC1","persone che hanno effettuato viaggi - valori per 100 abitanti","TOTAL","Totale","HOL","viaggio di vacanza","9","totale","TOTAL","totale","99","totale","1998-Q2","T2-1998",18.6,,
"IT","Italia","DEM_PTOUR_PERC1","persone che hanno effettuato viaggi - valori per 100 abitanti","TOTAL","Totale","HOL","viaggio di vacanza","9","totale","TOTAL","totale","99","totale","1998-Q1","T1-1998",15.6,,
"IT","Italia","DEM_PTOUR_PERC1","persone che hanno effettuato viaggi - valori per 100 abitanti","TOTAL","Totale","HOL","viaggio di vacanza","9","totale","TOTAL","totale","99","totale","1998-Q4","T4-1998",12.5,,
"IT","Italia","DEM_PTOUR_PERC1","persone che hanno effettuato viaggi - valori per 100 abitanti","TOTAL","Totale","HOL","viaggio di vacanza","9","totale","TOTAL","totale","99","totale","1998-Q3","T3-1998",44.6,,
"IT","Italia","DEM_PTOUR_PERC1","persone che hanno effettuato viaggi - valori per 100 abitanti","TOTAL","Totale","HOL","viaggio di vacanza","9","totale","TOTAL","totale","99","totale","1999-Q1","T1-1999",14.7,,
"IT","Italia","DEM_PTOUR_PERC1","persone che hanno effettuato viaggi - valori per 100 abitanti","TOTAL","Totale","HOL","viaggio di vacanza","9","totale","TOTAL","totale","99","totale","1999-Q2","T2-1999",20.3,,
"IT","Italia","DEM_PTOUR_PERC1","persone che hanno effettuato viaggi - valori per 100 abitanti","TOTAL","Totale","HOL","viaggio di vacanza","9","totale","TOTAL","totale","99","totale","1999-Q4","T4-1999",14.1,,
"IT","Italia","DEM_PTOUR_PERC1","persone che hanno effettuato viaggi - valori per 100 abitanti","TOTAL","Totale","HOL","viaggio di vacanza","9","totale","TOTAL","totale","99","totale","1999-Q3","T3-1999",42.5,,
"IT","Italia","DEM_PTOUR_PERC1","persone che hanno effettuato viaggi - valori per 100 abitanti","TOTAL","Totale","HOL","viaggio di vacanza","9","totale","TOTAL","totale","99","totale","2000-Q2","T2-2000",21.1,,
"IT","Italia","DEM_PTOUR_PERC1","persone che hanno effettuato viaggi - valori per 100 abitanti","TOTAL","Totale","HOL","viaggio di vacanza","9","totale","TOTAL","totale","99","totale","2000-Q1","T1-2000",15.3,,
"IT","Italia","DEM_PTOUR_PERC1","persone che hanno effettuato viaggi - valori per 100 abitanti","TOTAL","Totale","HOL","viaggio di vacanza","9","totale","TOTAL","totale","99","totale","2000-Q4","T4-2000",13.3,,
"IT","Italia","DEM_PTOUR_PERC1","persone che hanno effettuato viaggi - valori per 100 abitanti","TOTAL","Totale","HOL","viaggio di vacanza","9","totale","TOTAL","totale","99","totale","2000-Q3","T3-2000",44.1,,
"IT","Italia","DEM_PTOUR_PERC1","persone che hanno effettuato viaggi - valori per 100 abitanti","TOTAL","Totale","HOL","viaggio di vacanza","9","totale","TOTAL","totale","99","totale","2001-Q1","T1-2001",16.6,,
"IT","Italia","DEM_PTOUR_PERC1","persone che hanno effettuato viaggi - valori per 100 abitanti","TOTAL","Totale","HOL","viaggio di vacanza","9","totale","TOTAL","totale","99","totale","2001-Q2","T2-2001",21.4,,
"IT","Italia","DEM_PTOUR_PERC1","persone che hanno effettuato viaggi - valori per 100 abitanti","TOTAL","Totale","HOL","viaggio di vacanza","9","totale","TOTAL","totale","99","totale","2001-Q4","T4-2001",14.7,,
"IT","Italia","DEM_PTOUR_PERC1","persone che hanno effettuato viaggi - valori per 100 abitanti","TOTAL","Totale","HOL","viaggio di vacanza","9","totale","TOTAL","totale","99","totale","2001-Q3","T3-2001",43,,
"IT","Italia","DEM_PTOUR_PERC1","persone che hanno effettuato viaggi - valori per 100 abitanti","TOTAL","Totale","HOL","viaggio di vacanza","9","totale","TOTAL","totale","99","totale","2002-Q2","T2-2002",22.6,,
"IT","Italia","DEM_PTOUR_PERC1","persone che hanno effettuato viaggi - valori per 100 abitanti","TOTAL","Totale","HOL","viaggio di vacanza","9","totale","TOTAL","totale","99","totale","2002-Q1","T1-2002",16.6,,
"IT","Italia","DEM_PTOUR_PERC1","persone che hanno effettuato viaggi - valori per 100 abitanti","TOTAL","Totale","HOL","viaggio di vacanza","9","totale","TOTAL","totale","99","totale","2002-Q4","T4-2002",14.7,,
"IT","Italia","DEM_PTOUR_PERC1","persone che hanno effettuato viaggi - valori per 100 abitanti","TOTAL","Totale","HOL","viaggio di vacanza","9","totale","TOTAL","totale","99","totale","2002-Q3","T3-2002",46,,
"IT","Italia","DEM_PTOUR_PERC1","persone che hanno effettuato viaggi - valori per 100 abitanti","TOTAL","Totale","HOL","viaggio di vacanza","9","totale","TOTAL","totale","99","totale","2003-Q1","T1-2003",17,,
"IT","Italia","DEM_PTOUR_PERC1","persone che hanno effettuato viaggi - valori per 100 abitanti","TOTAL","Totale","HOL","viaggio di vacanza","9","totale","TOTAL","totale","99","totale","2003-Q2","T2-2003",23.4,,
"IT","Italia","DEM_PTOUR_PERC1","persone che hanno effettuato viaggi - valori per 100 abitanti","TOTAL","Totale","HOL","viaggio di vacanza","9","totale","TOTAL","totale","99","totale","2003-Q4","T4-2003",11.8,,
"IT","Italia","DEM_PTOUR_PERC1","persone che hanno effettuato viaggi - valori per 100 abitanti","TOTAL","Totale","HOL","viaggio di vacanza","9","totale","TOTAL","totale","99","totale","2003-Q3","T3-2003",44.2,,
"IT","Italia","DEM_PTOUR_PERC1","persone che hanno effettuato viaggi - valori per 100 abitanti","TOTAL","Totale","HOL","viaggio di vacanza","9","totale","TOTAL","totale","99","totale","2004-Q2","T2-2004",21.8,,
"IT","Italia","DEM_PTOUR_PERC1","persone che hanno effettuato viaggi - valori per 100 abitanti","TOTAL","Totale","HOL","viaggio di vacanza","9","totale","TOTAL","totale","99","totale","2004-Q1","T1-2004",17.1,,
"IT","Italia","DEM_PTOUR_PERC1","persone che hanno effettuato viaggi - valori per 100 abitanti","TOTAL","Totale","HOL","viaggio di vacanza","9","totale","TOTAL","totale","99","totale","2004-Q4","T4-2004",14.2,,
"IT","Italia","DEM_PTOUR_PERC1","persone che hanno effettuato viaggi - valori per 100 abitanti","TOTAL","Totale","HOL","viaggio di vacanza","9","totale","TOTAL","totale","99","totale","2004-Q3","T3-2004",44.9,,
"IT","Italia","DEM_PTOUR_PERC1","persone che hanno effettuato viaggi - valori per 100 abitanti","TOTAL","Totale","HOL","viaggio di vacanza","9","totale","TOTAL","totale","99","totale","2005-Q1","T1-2005",20,,
"IT","Italia","DEM_PTOUR_PERC1","persone che hanno effettuato viaggi - valori per 100 abitanti","TOTAL","Totale","HOL","viaggio di vacanza","9","totale","TOTAL","totale","99","totale","2005-Q2","T2-2005",25.7,,
"IT","Italia","DEM_PTOUR_PERC1","persone che hanno effettuato viaggi - valori per 100 abitanti","TOTAL","Totale","HOL","viaggio di vacanza","9","totale","TOTAL","totale","99","totale","2005-Q4","T4-2005",15.4,,
"IT","Italia","DEM_PTOUR_PERC1","persone che hanno effettuato viaggi - valori per 100 abitanti","TOTAL","Totale","HOL","viaggio di vacanza","9","totale","TOTAL","totale","99","totale","2005-Q3","T3-2005",47.4,,
"IT","Italia","DEM_PTOUR_PERC1","persone che hanno effettuato viaggi - valori per 100 abitanti","TOTAL","Totale","HOL","viaggio di vacanza","9","totale","TOTAL","totale","99","totale","2006-Q2","T2-2006",23.2,,
"IT","Italia","DEM_PTOUR_PERC1","persone che hanno effettuato viaggi - valori per 100 abitanti","TOTAL","Totale","HOL","viaggio di vacanza","9","totale","TOTAL","totale","99","totale","2006-Q1","T1-2006",19.5,,
"IT","Italia","DEM_PTOUR_PERC1","persone che hanno effettuato viaggi - valori per 100 abitanti","TOTAL","Totale","HOL","viaggio di vacanza","9","totale","TOTAL","totale","99","totale","2006-Q4","T4-2006",17.1,,
"IT","Italia","DEM_PTOUR_PERC1","persone che hanno effettuato viaggi - valori per 100 abitanti","TOTAL","Totale","HOL","viaggio di vacanza","9","totale","TOTAL","totale","99","totale","2006-Q3","T3-2006",49.3,,
"IT","Italia","DEM_PTOUR_PERC1","persone che hanno effettuato viaggi - valori per 100 abitanti","TOTAL","Totale","HOL","viaggio di vacanza","9","totale","TOTAL","totale","99","totale","2007-Q1","T1-2007",18.6,,
"IT","Italia","DEM_PTOUR_PERC1","persone che hanno effettuato viaggi - valori per 100 abitanti","TOTAL","Totale","HOL","viaggio di vacanza","9","totale","TOTAL","totale","99","totale","2007-Q2","T2-2007",26.5,,
"IT","Italia","DEM_PTOUR_PERC1","persone che hanno effettuato viaggi - valori per 100 abitanti","TOTAL","Totale","HOL","viaggio di vacanza","9","totale","TOTAL","totale","99","totale","2007-Q4","T4-2007",16.6,,
"IT","Italia","DEM_PTOUR_PERC1","persone che hanno effettuato viaggi - valori per 100 abitanti","TOTAL","Totale","HOL","viaggio di vacanza","9","totale","TOTAL","totale","99","totale","2007-Q3","T3-2007",47.8,,
"IT","Italia","DEM_PTOUR_PERC1","persone che hanno effettuato viaggi - valori per 100 abitanti","TOTAL","Totale","HOL","viaggio di vacanza","9","totale","TOTAL","totale","99","totale","2008-Q2","T2-2008",24.6,,
"IT","Italia","DEM_PTOUR_PERC1","persone che hanno effettuato viaggi - valori per 100 abitanti","TOTAL","Totale","HOL","viaggio di vacanza","9","totale","TOTAL","totale","99","totale","2008-Q1","T1-2008",22.2,,
"IT","Italia","DEM_PTOUR_PERC1","persone che hanno effettuato viaggi - valori per 100 abitanti","TOTAL","Totale","HOL","viaggio di vacanza","9","totale","TOTAL","totale","99","totale","2008-Q4","T4-2008",19.8,,
"IT","Italia","DEM_PTOUR_PERC1","persone che hanno effettuato viaggi - valori per 100 abitanti","TOTAL","Totale","HOL","viaggio di vacanza","9","totale","TOTAL","totale","99","totale","2008-Q3","T3-2008",48.2,,
"IT","Italia","DEM_PTOUR_PERC1","persone che hanno effettuato viaggi - valori per 100 abitanti","TOTAL","Totale","HOL","viaggio di vacanza","9","totale","TOTAL","totale","99","totale","2009-Q1","T1-2009",16.9,,
"IT","Italia","DEM_PTOUR_PERC1","persone che hanno effettuato viaggi - valori per 100 abitanti","TOTAL","Totale","HOL","viaggio di vacanza","9","totale","TOTAL","totale","99","totale","2009-Q2","T2-2009",25.7,,
"IT","Italia","DEM_PTOUR_PERC1","persone che hanno effettuato viaggi - valori per 100 abitanti","TOTAL","Totale","HOL","viaggio di vacanza","9","totale","TOTAL","totale","99","totale","2009-Q4","T4-2009",16.5,,
"IT","Italia","DEM_PTOUR_PERC1","persone che hanno effettuato viaggi - valori per 100 abitanti","TOTAL","Totale","HOL","viaggio di vacanza","9","totale","TOTAL","totale","99","totale","2009-Q3","T3-2009",46.8,,
"IT","Italia","DEM_PTOUR_PERC1","persone che hanno effettuato viaggi - valori per 100 abitanti","TOTAL","Totale","HOL","viaggio di vacanza","9","totale","TOTAL","totale","99","totale","2010-Q2","T2-2010",22.8,,
"IT","Italia","DEM_PTOUR_PERC1","persone che hanno effettuato viaggi - valori per 100 abitanti","TOTAL","Totale","HOL","viaggio di vacanza","9","totale","TOTAL","totale","99","totale","2010-Q1","T1-2010",20.1,,
"IT","Italia","DEM_PTOUR_PERC1","persone che hanno effettuato viaggi - valori per 100 abitanti","TOTAL","Totale","HOL","viaggio di vacanza","9","totale","TOTAL","totale","99","totale","2010-Q4","T4-2010",13.6,,
"IT","Italia","DEM_PTOUR_PERC1","persone che hanno effettuato viaggi - valori per 100 abitanti","TOTAL","Totale","HOL","viaggio di vacanza","9","totale","TOTAL","totale","99","totale","2010-Q3","T3-2010",45.8,,
"IT","Italia","DEM_PTOUR_PERC1","persone che hanno effettuato viaggi - valori per 100 abitanti","TOTAL","Totale","HOL","viaggio di vacanza","9","totale","TOTAL","totale","99","totale","2011-Q1","T1-2011",15.8,,
"IT","Italia","DEM_PTOUR_PERC1","persone che hanno effettuato viaggi - valori per 100 abitanti","TOTAL","Totale","HOL","viaggio di vacanza","9","totale","TOTAL","totale","99","totale","2011-Q2","T2-2011",18.5,,
"IT","Italia","DEM_PTOUR_PERC1","persone che hanno effettuato viaggi - valori per 100 abitanti","TOTAL","Totale","HOL","viaggio di vacanza","9","totale","TOTAL","totale","99","totale","2011-Q4","T4-2011",12.8,,
"IT","Italia","DEM_PTOUR_PERC1","persone che hanno effettuato viaggi - valori per 100 abitanti","TOTAL","Totale","HOL","viaggio di vacanza","9","totale","TOTAL","totale","99","totale","2011-Q3","T3-2011",42.2,,
"IT","Italia","DEM_PTOUR_PERC1","persone che hanno effettuato viaggi - valori per 100 abitanti","TOTAL","Totale","HOL","viaggio di vacanza","9","totale","TOTAL","totale","99","totale","2012-Q2","T2-2012",20.5,,
"IT","Italia","DEM_PTOUR_PERC1","persone che hanno effettuato viaggi - valori per 100 abitanti","TOTAL","Totale","HOL","viaggio di vacanza","9","totale","TOTAL","totale","99","totale","2012-Q1","T1-2012",13.2,,
"IT","Italia","DEM_PTOUR_PERC1","persone che hanno effettuato viaggi - valori per 100 abitanti","TOTAL","Totale","HOL","viaggio di vacanza","9","totale","TOTAL","totale","99","totale","2012-Q4","T4-2012",13.4,,
"IT","Italia","DEM_PTOUR_PERC1","persone che hanno effettuato viaggi - valori per 100 abitanti","TOTAL","Totale","HOL","viaggio di vacanza","9","totale","TOTAL","totale","99","totale","2012-Q3","T3-2012",40.8,,
"IT","Italia","DEM_PTOUR_PERC1","persone che hanno effettuato viaggi - valori per 100 abitanti","TOTAL","Totale","HOL","viaggio di vacanza","9","totale","TOTAL","totale","99","totale","2013-Q1","T1-2013",11.4,,
"IT","Italia","DEM_PTOUR_PERC1","persone che hanno effettuato viaggi - valori per 100 abitanti","TOTAL","Totale","HOL","viaggio di vacanza","9","totale","TOTAL","totale","99","totale","2013-Q2","T2-2013",15.9,,
"IT","Italia","DEM_PTOUR_PERC1","persone che hanno effettuato viaggi - valori per 100 abitanti","TOTAL","Totale","HOL","viaggio di vacanza","9","totale","TOTAL","totale","99","totale","2013-Q4","T4-2013",11.2,,
"IT","Italia","DEM_PTOUR_PERC1","persone che hanno effettuato viaggi - valori per 100 abitanti","TOTAL","Totale","HOL","viaggio di vacanza","9","totale","TOTAL","totale","99","totale","2013-Q3","T3-2013",38.3,,
"IT","Italia","DEM_PTOUR_PERC1","persone che hanno effettuato viaggi - valori per 100 abitanti","TOTAL","Totale","HOLS","vacanza breve (1-3 notti)","9","totale","TOTAL","totale","99","totale","1998-Q2","T2-1998",11.2,,
"IT","Italia","DEM_PTOUR_PERC1","persone che hanno effettuato viaggi - valori per 100 abitanti","TOTAL","Totale","HOLS","vacanza breve (1-3 notti)","9","totale","TOTAL","totale","99","totale","1998-Q1","T1-1998",9.8,,
"IT","Italia","DEM_PTOUR_PERC1","persone che hanno effettuato viaggi - valori per 100 abitanti","TOTAL","Totale","HOLS","vacanza breve (1-3 notti)","9","totale","TOTAL","totale","99","totale","1998-Q4","T4-1998",7.7,,
"IT","Italia","DEM_PTOUR_PERC1","persone che hanno effettuato viaggi - valori per 100 abitanti","TOTAL","Totale","HOLS","vacanza breve (1-3 notti)","9","totale","TOTAL","totale","99","totale","1998-Q3","T3-1998",11.4,,
"IT","Italia","DEM_PTOUR_PERC1","persone che hanno effettuato viaggi - valori per 100 abitanti","TOTAL","Totale","HOLS","vacanza breve (1-3 notti)","9","totale","TOTAL","totale","99","totale","1999-Q1","T1-1999",8.2,,
"IT","Italia","DEM_PTOUR_PERC1","persone che hanno effettuato viaggi - valori per 100 abitanti","TOTAL","Totale","HOLS","vacanza breve (1-3 notti)","9","totale","TOTAL","totale","99","totale","1999-Q2","T2-1999",12.5,,
"IT","Italia","DEM_PTOUR_PERC1","persone che hanno effettuato viaggi - valori per 100 abitanti","TOTAL","Totale","HOLS","vacanza breve (1-3 notti)","9","totale","TOTAL","totale","99","totale","1999-Q4","T4-1999",9.1,,
"IT","Italia","DEM_PTOUR_PERC1","persone che hanno effettuato viaggi - valori per 100 abitanti","TOTAL","Totale","HOLS","vacanza breve (1-3 notti)","9","totale","TOTAL","totale","99","totale","1999-Q3","T3-1999",9.5,,
"IT","Italia","DEM_PTOUR_PERC1","persone che hanno effettuato viaggi - valori per 100 abitanti","TOTAL","Totale","HOLS","vacanza breve (1-3 notti)","9","totale","TOTAL","totale","99","totale","2000-Q2","T2-2000",12.5,,
"IT","Italia","DEM_PTOUR_PERC1","persone che hanno effettuato viaggi - valori per 100 abitanti","TOTAL","Totale","HOLS","vacanza breve (1-3 notti)","9","totale","TOTAL","totale","99","totale","2000-Q1","T1-2000",8.7,,
"IT","Italia","DEM_PTOUR_PERC1","persone che hanno effettuato viaggi - valori per 100 abitanti","TOTAL","Totale","HOLS","vacanza breve (1-3 notti)","9","totale","TOTAL","totale","99","totale","2000-Q4","T4-2000",8.7,,
"IT","Italia","DEM_PTOUR_PERC1","persone che hanno effettuato viaggi - valori per 100 abitanti","TOTAL","Totale","HOLS","vacanza breve (1-3 notti)","9","totale","TOTAL","totale","99","totale","2000-Q3","T3-2000",9.1,,
"IT","Italia","DEM_PTOUR_PERC1","persone che hanno effettuato viaggi - valori per 100 abitanti","TOTAL","Totale","HOLS","vacanza breve (1-3 notti)","9","totale","TOTAL","totale","99","totale","2001-Q1","T1-2001",9,,
"IT","Italia","DEM_PTOUR_PERC1","persone che hanno effettuato viaggi - valori per 100 abitanti","TOTAL","Totale","HOLS","vacanza breve (1-3 notti)","9","totale","TOTAL","totale","99","totale","2001-Q2","T2-2001",12.6,,
"IT","Italia","DEM_PTOUR_PERC1","persone che hanno effettuato viaggi - valori per 100 abitanti","TOTAL","Totale","HOLS","vacanza breve (1-3 notti)","9","totale","TOTAL","totale","99","totale","2001-Q4","T4-2001",9.2,,
"IT","Italia","DEM_PTOUR_PERC1","persone che hanno effettuato viaggi - valori per 100 abitanti","TOTAL","Totale","HOLS","vacanza breve (1-3 notti)","9","totale","TOTAL","totale","99","totale","2001-Q3","T3-2001",8.8,,
"IT","Italia","DEM_PTOUR_PERC1","persone che hanno effettuato viaggi - valori per 100 abitanti","TOTAL","Totale","HOLS","vacanza breve (1-3 notti)","9","totale","TOTAL","totale","99","totale","2002-Q2","T2-2002",12.1,,
"IT","Italia","DEM_PTOUR_PERC1","persone che hanno effettuato viaggi - valori per 100 abitanti","TOTAL","Totale","HOLS","vacanza breve (1-3 notti)","9","totale","TOTAL","totale","99","totale","2002-Q1","T1-2002",9.9,,
"IT","Italia","DEM_PTOUR_PERC1","persone che hanno effettuato viaggi - valori per 100 abitanti","TOTAL","Totale","HOLS","vacanza breve (1-3 notti)","9","totale","TOTAL","totale","99","totale","2002-Q4","T4-2002",9.2,,
"IT","Italia","DEM_PTOUR_PERC1","persone che hanno effettuato viaggi - valori per 100 abitanti","TOTAL","Totale","HOLS","vacanza breve (1-3 notti)","9","totale","TOTAL","totale","99","totale","2002-Q3","T3-2002",10.9,,
"IT","Italia","DEM_PTOUR_PERC1","persone che hanno effettuato viaggi - valori per 100 abitanti","TOTAL","Totale","HOLS","vacanza breve (1-3 notti)","9","totale","TOTAL","totale","99","totale","2003-Q1","T1-2003",9.6,,
"IT","Italia","DEM_PTOUR_PERC1","persone che hanno effettuato viaggi - valori per 100 abitanti","TOTAL","Totale","HOLS","vacanza breve (1-3 notti)","9","totale","TOTAL","totale","99","totale","2003-Q2","T2-2003",13,,
"IT","Italia","DEM_PTOUR_PERC1","persone che hanno effettuato viaggi - valori per 100 abitanti","TOTAL","Totale","HOLS","vacanza breve (1-3 notti)","9","totale","TOTAL","totale","99","totale","2003-Q4","T4-2003",7.5,,
"IT","Italia","DEM_PTOUR_PERC1","persone che hanno effettuato viaggi - valori per 100 abitanti","TOTAL","Totale","HOLS","vacanza breve (1-3 notti)","9","totale","TOTAL","totale","99","totale","2003-Q3","T3-2003",10,,
"IT","Italia","DEM_PTOUR_PERC1","persone che hanno effettuato viaggi - valori per 100 abitanti","TOTAL","Totale","HOLS","vacanza breve (1-3 notti)","9","totale","TOTAL","totale","99","totale","2004-Q2","T2-2004",12.4,,
"IT","Italia","DEM_PTOUR_PERC1","persone che hanno effettuato viaggi - valori per 100 abitanti","TOTAL","Totale","HOLS","vacanza breve (1-3 notti)","9","totale","TOTAL","totale","99","totale","2004-Q1","T1-2004",9.1,,
"IT","Italia","DEM_PTOUR_PERC1","persone che hanno effettuato viaggi - valori per 100 abitanti","TOTAL","Totale","HOLS","vacanza breve (1-3 notti)","9","totale","TOTAL","totale","99","totale","2004-Q4","T4-2004",9.4,,
"IT","Italia","DEM_PTOUR_PERC1","persone che hanno effettuato viaggi - valori per 100 abitanti","TOTAL","Totale","HOLS","vacanza breve (1-3 notti)","9","totale","TOTAL","totale","99","totale","2004-Q3","T3-2004",11.2,,
"IT","Italia","DEM_PTOUR_PERC1","persone che hanno effettuato viaggi - valori per 100 abitanti","TOTAL","Totale","HOLS","vacanza breve (1-3 notti)","9","totale","TOTAL","totale","99","totale","2005-Q1","T1-2005",11,,
"IT","Italia","DEM_PTOUR_PERC1","persone che hanno effettuato viaggi - valori per 100 abitanti","TOTAL","Totale","HOLS","vacanza breve (1-3 notti)","9","totale","TOTAL","totale","99","totale","2005-Q2","T2-2005",15,,
"IT","Italia","DEM_PTOUR_PERC1","persone che hanno effettuato viaggi - valori per 100 abitanti","TOTAL","Totale","HOLS","vacanza breve (1-3 notti)","9","totale","TOTAL","totale","99","totale","2005-Q4","T4-2005",9.9,,
"IT","Italia","DEM_PTOUR_PERC1","persone che hanno effettuato viaggi - valori per 100 abitanti","TOTAL","Totale","HOLS","vacanza breve (1-3 notti)","9","totale","TOTAL","totale","99","totale","2005-Q3","T3-2005",11.6,,
"IT","Italia","DEM_PTOUR_PERC1","persone che hanno effettuato viaggi - valori per 100 abitanti","TOTAL","Totale","HOLS","vacanza breve (1-3 notti)","9","totale","TOTAL","totale","99","totale","2006-Q2","T2-2006",12.8,,
"IT","Italia","DEM_PTOUR_PERC1","persone che hanno effettuato viaggi - valori per 100 abitanti","TOTAL","Totale","HOLS","vacanza breve (1-3 notti)","9","totale","TOTAL","totale","99","totale","2006-Q1","T1-2006",11.6,,
"IT","Italia","DEM_PTOUR_PERC1","persone che hanno effettuato viaggi - valori per 100 abitanti","TOTAL","Totale","HOLS","vacanza breve (1-3 notti)","9","totale","TOTAL","totale","99","totale","2006-Q4","T4-2006",11.3,,
"IT","Italia","DEM_PTOUR_PERC1","persone che hanno effettuato viaggi - valori per 100 abitanti","TOTAL","Totale","HOLS","vacanza breve (1-3 notti)","9","totale","TOTAL","totale","99","totale","2006-Q3","T3-2006",13.4,,
"IT","Italia","DEM_PTOUR_PERC1","persone che hanno effettuato viaggi - valori per 100 abitanti","TOTAL","Totale","HOLS","vacanza breve (1-3 notti)","9","totale","TOTAL","totale","99","totale","2007-Q1","T1-2007",10.7,,
"IT","Italia","DEM_PTOUR_PERC1","persone che hanno effettuato viaggi - valori per 100 abitanti","TOTAL","Totale","HOLS","vacanza breve (1-3 notti)","9","totale","TOTAL","totale","99","totale","2007-Q2","T2-2007",16,,
"IT","Italia","DEM_PTOUR_PERC1","persone che hanno effettuato viaggi - valori per 100 abitanti","TOTAL","Totale","HOLS","vacanza breve (1-3 notti)","9","totale","TOTAL","totale","99","totale","2007-Q4","T4-2007",10.9,,
"IT","Italia","DEM_PTOUR_PERC1","persone che hanno effettuato viaggi - valori per 100 abitanti","TOTAL","Totale","HOLS","vacanza breve (1-3 notti)","9","totale","TOTAL","totale","99","totale","2007-Q3","T3-2007",13.8,,
"IT","Italia","DEM_PTOUR_PERC1","persone che hanno effettuato viaggi - valori per 100 abitanti","TOTAL","Totale","HOLS","vacanza breve (1-3 notti)","9","totale","TOTAL","totale","99","totale","2008-Q2","T2-2008",16.4,,
"IT","Italia","DEM_PTOUR_PERC1","persone che hanno effettuato viaggi - valori per 100 abitanti","TOTAL","Totale","HOLS","vacanza breve (1-3 notti)","9","totale","TOTAL","totale","99","totale","2008-Q1","T1-2008",13.7,,
"IT","Italia","DEM_PTOUR_PERC1","persone che hanno effettuato viaggi - valori per 100 abitanti","TOTAL","Totale","HOLS","vacanza breve (1-3 notti)","9","totale","TOTAL","totale","99","totale","2008-Q4","T4-2008",14.4,,
"IT","Italia","DEM_PTOUR_PERC1","persone che hanno effettuato viaggi - valori per 100 abitanti","TOTAL","Totale","HOLS","vacanza breve (1-3 notti)","9","totale","TOTAL","totale","99","totale","2008-Q3","T3-2008",14.3,,
"IT","Italia","DEM_PTOUR_PERC1","persone che hanno effettuato viaggi - valori per 100 abitanti","TOTAL","Totale","HOLS","vacanza breve (1-3 notti)","9","totale","TOTAL","totale","99","totale","2009-Q1","T1-2009",10.1,,
"IT","Italia","DEM_PTOUR_PERC1","persone che hanno effettuato viaggi - valori per 100 abitanti","TOTAL","Totale","HOLS","vacanza breve (1-3 notti)","9","totale","TOTAL","totale","99","totale","2009-Q2","T2-2009",16.2,,
"IT","Italia","DEM_PTOUR_PERC1","persone che hanno effettuato viaggi - valori per 100 abitanti","TOTAL","Totale","HOLS","vacanza breve (1-3 notti)","9","totale","TOTAL","totale","99","totale","2009-Q4","T4-2009",12.5,,
"IT","Italia","DEM_PTOUR_PERC1","persone che hanno effettuato viaggi - valori per 100 abitanti","TOTAL","Totale","HOLS","vacanza breve (1-3 notti)","9","totale","TOTAL","totale","99","totale","2009-Q3","T3-2009",14.8,,
"IT","Italia","DEM_PTOUR_PERC1","persone che hanno effettuato viaggi - valori per 100 abitanti","TOTAL","Totale","HOLS","vacanza breve (1-3 notti)","9","totale","TOTAL","totale","99","totale","2010-Q2","T2-2010",13.8,,
"IT","Italia","DEM_PTOUR_PERC1","persone che hanno effettuato viaggi - valori per 100 abitanti","TOTAL","Totale","HOLS","vacanza breve (1-3 notti)","9","totale","TOTAL","totale","99","totale","2010-Q1","T1-2010",12.1,,
"IT","Italia","DEM_PTOUR_PERC1","persone che hanno effettuato viaggi - valori per 100 abitanti","TOTAL","Totale","HOLS","vacanza breve (1-3 notti)","9","totale","TOTAL","totale","99","totale","2010-Q4","T4-2010",8.6,,
"IT","Italia","DEM_PTOUR_PERC1","persone che hanno effettuato viaggi - valori per 100 abitanti","TOTAL","Totale","HOLS","vacanza breve (1-3 notti)","9","totale","TOTAL","totale","99","totale","2010-Q3","T3-2010",11.1,,
"IT","Italia","DEM_PTOUR_PERC1","persone che hanno effettuato viaggi - valori per 100 abitanti","TOTAL","Totale","HOLS","vacanza breve (1-3 notti)","9","totale","TOTAL","totale","99","totale","2011-Q1","T1-2011",8.6,,
"IT","Italia","DEM_PTOUR_PERC1","persone che hanno effettuato viaggi - valori per 100 abitanti","TOTAL","Totale","HOLS","vacanza breve (1-3 notti)","9","totale","TOTAL","totale","99","totale","2011-Q2","T2-2011",11,,
"IT","Italia","DEM_PTOUR_PERC1","persone che hanno effettuato viaggi - valori per 100 abitanti","TOTAL","Totale","HOLS","vacanza breve (1-3 notti)","9","totale","TOTAL","totale","99","totale","2011-Q4","T4-2011",9.2,,
"IT","Italia","DEM_PTOUR_PERC1","persone che hanno effettuato viaggi - valori per 100 abitanti","TOTAL","Totale","HOLS","vacanza breve (1-3 notti)","9","totale","TOTAL","totale","99","totale","2011-Q3","T3-2011",10.2,,
"IT","Italia","DEM_PTOUR_PERC1","persone che hanno effettuato viaggi - valori per 100 abitanti","TOTAL","Totale","HOLS","vacanza breve (1-3 notti)","9","totale","TOTAL","totale","99","totale","2012-Q2","T2-2012",13.8,,
"IT","Italia","DEM_PTOUR_PERC1","persone che hanno effettuato viaggi - valori per 100 abitanti","TOTAL","Totale","HOLS","vacanza breve (1-3 notti)","9","totale","TOTAL","totale","99","totale","2012-Q1","T1-2012",7.9,,
"IT","Italia","DEM_PTOUR_PERC1","persone che hanno effettuato viaggi - valori per 100 abitanti","TOTAL","Totale","HOLS","vacanza breve (1-3 notti)","9","totale","TOTAL","totale","99","totale","2012-Q4","T4-2012",8.6,,
"IT","Italia","DEM_PTOUR_PERC1","persone che hanno effettuato viaggi - valori per 100 abitanti","TOTAL","Totale","HOLS","vacanza breve (1-3 notti)","9","totale","TOTAL","totale","99","totale","2012-Q3","T3-2012",10.5,,
"IT","Italia","DEM_PTOUR_PERC1","persone che hanno effettuato viaggi - valori per 100 abitanti","TOTAL","Totale","HOLS","vacanza breve (1-3 notti)","9","totale","TOTAL","totale","99","totale","2013-Q1","T1-2013",7.2,,
"IT","Italia","DEM_PTOUR_PERC1","persone che hanno effettuato viaggi - valori per 100 abitanti","TOTAL","Totale","HOLS","vacanza breve (1-3 notti)","9","totale","TOTAL","totale","99","totale","2013-Q2","T2-2013",10.1,,
"IT","Italia","DEM_PTOUR_PERC1","persone che hanno effettuato viaggi - valori per 100 abitanti","TOTAL","Totale","HOLS","vacanza breve (1-3 notti)","9","totale","TOTAL","totale","99","totale","2013-Q4","T4-2013",8,,
"IT","Italia","DEM_PTOUR_PERC1","persone che hanno effettuato viaggi - valori per 100 abitanti","TOTAL","Totale","HOLS","vacanza breve (1-3 notti)","9","totale","TOTAL","totale","99","totale","2013-Q3","T3-2013",6.8,,
"IT","Italia","DEM_PTOUR_PERC1","persone che hanno effettuato viaggi - valori per 100 abitanti","TOTAL","Totale","HOLL","vacanza lunga (4 o più notti)","9","totale","TOTAL","totale","99","totale","1998-Q2","T2-1998",9.3,,
"IT","Italia","DEM_PTOUR_PERC1","persone che hanno effettuato viaggi - valori per 100 abitanti","TOTAL","Totale","HOLL","vacanza lunga (4 o più notti)","9","totale","TOTAL","totale","99","totale","1998-Q1","T1-1998",7.7,,
"IT","Italia","DEM_PTOUR_PERC1","persone che hanno effettuato viaggi - valori per 100 abitanti","TOTAL","Totale","HOLL","vacanza lunga (4 o più notti)","9","totale","TOTAL","totale","99","totale","1998-Q4","T4-1998",5.6,,
"IT","Italia","DEM_PTOUR_PERC1","persone che hanno effettuato viaggi - valori per 100 abitanti","TOTAL","Totale","HOLL","vacanza lunga (4 o più notti)","9","totale","TOTAL","totale","99","totale","1998-Q3","T3-1998",38.9,,
"IT","Italia","DEM_PTOUR_PERC1","persone che hanno effettuato viaggi - valori per 100 abitanti","TOTAL","Totale","HOLL","vacanza lunga (4 o più notti)","9","totale","TOTAL","totale","99","totale","1999-Q1","T1-1999",7.8,,
"IT","Italia","DEM_PTOUR_PERC1","persone che hanno effettuato viaggi - valori per 100 abitanti","TOTAL","Totale","HOLL","vacanza lunga (4 o più notti)","9","totale","TOTAL","totale","99","totale","1999-Q2","T2-1999",9.5,,
"IT","Italia","DEM_PTOUR_PERC1","persone che hanno effettuato viaggi - valori per 100 abitanti","TOTAL","Totale","HOLL","vacanza lunga (4 o più notti)","9","totale","TOTAL","totale","99","totale","1999-Q4","T4-1999",6.1,,
"IT","Italia","DEM_PTOUR_PERC1","persone che hanno effettuato viaggi - valori per 100 abitanti","TOTAL","Totale","HOLL","vacanza lunga (4 o più notti)","9","totale","TOTAL","totale","99","totale","1999-Q3","T3-1999",37.6,,
"IT","Italia","DEM_PTOUR_PERC1","persone che hanno effettuato viaggi - valori per 100 abitanti","TOTAL","Totale","HOLL","vacanza lunga (4 o più notti)","9","totale","TOTAL","totale","99","totale","2000-Q2","T2-2000",10.5,,
"IT","Italia","DEM_PTOUR_PERC1","persone che hanno effettuato viaggi - valori per 100 abitanti","TOTAL","Totale","HOLL","vacanza lunga (4 o più notti)","9","totale","TOTAL","totale","99","totale","2000-Q1","T1-2000",8,,
"IT","Italia","DEM_PTOUR_PERC1","persone che hanno effettuato viaggi - valori per 100 abitanti","TOTAL","Totale","HOLL","vacanza lunga (4 o più notti)","9","totale","TOTAL","totale","99","totale","2000-Q4","T4-2000",5.5,,
"IT","Italia","DEM_PTOUR_PERC1","persone che hanno effettuato viaggi - valori per 100 abitanti","TOTAL","Totale","HOLL","vacanza lunga (4 o più notti)","9","totale","TOTAL","totale","99","totale","2000-Q3","T3-2000",39.2,,
"IT","Italia","DEM_PTOUR_PERC1","persone che hanno effettuato viaggi - valori per 100 abitanti","TOTAL","Totale","HOLL","vacanza lunga (4 o più notti)","9","totale","TOTAL","totale","99","totale","2001-Q1","T1-2001",9.1,,
"IT","Italia","DEM_PTOUR_PERC1","persone che hanno effettuato viaggi - valori per 100 abitanti","TOTAL","Totale","HOLL","vacanza lunga (4 o più notti)","9","totale","TOTAL","totale","99","totale","2001-Q2","T2-2001",10.6,,
"IT","Italia","DEM_PTOUR_PERC1","persone che hanno effettuato viaggi - valori per 100 abitanti","TOTAL","Totale","HOLL","vacanza lunga (4 o più notti)","9","totale","TOTAL","totale","99","totale","2001-Q4","T4-2001",6.7,,
"IT","Italia","DEM_PTOUR_PERC1","persone che hanno effettuato viaggi - valori per 100 abitanti","TOTAL","Totale","HOLL","vacanza lunga (4 o più notti)","9","totale","TOTAL","totale","99","totale","2001-Q3","T3-2001",38.1,,
"IT","Italia","DEM_PTOUR_PERC1","persone che hanno effettuato viaggi - valori per 100 abitanti","TOTAL","Totale","HOLL","vacanza lunga (4 o più notti)","9","totale","TOTAL","totale","99","totale","2002-Q2","T2-2002",12.5,,
"IT","Italia","DEM_PTOUR_PERC1","persone che hanno effettuato viaggi - valori per 100 abitanti","TOTAL","Totale","HOLL","vacanza lunga (4 o più notti)","9","totale","TOTAL","totale","99","totale","2002-Q1","T1-2002",8.2,,
"IT","Italia","DEM_PTOUR_PERC1","persone che hanno effettuato viaggi - valori per 100 abitanti","TOTAL","Totale","HOLL","vacanza lunga (4 o più notti)","9","totale","TOTAL","totale","99","totale","2002-Q4","T4-2002",6.8,,
"IT","Italia","DEM_PTOUR_PERC1","persone che hanno effettuato viaggi - valori per 100 abitanti","TOTAL","Totale","HOLL","vacanza lunga (4 o più notti)","9","totale","TOTAL","totale","99","totale","2002-Q3","T3-2002",40.3,,
"IT","Italia","DEM_PTOUR_PERC1","persone che hanno effettuato viaggi - valori per 100 abitanti","TOTAL","Totale","HOLL","vacanza lunga (4 o più notti)","9","totale","TOTAL","totale","99","totale","2003-Q1","T1-2003",8.8,,
"IT","Italia","DEM_PTOUR_PERC1","persone che hanno effettuato viaggi - valori per 100 abitanti","TOTAL","Totale","HOLL","vacanza lunga (4 o più notti)","9","totale","TOTAL","totale","99","totale","2003-Q2","T2-2003",12.6,,
"IT","Italia","DEM_PTOUR_PERC1","persone che hanno effettuato viaggi - valori per 100 abitanti","TOTAL","Totale","HOLL","vacanza lunga (4 o più notti)","9","totale","TOTAL","totale","99","totale","2003-Q4","T4-2003",5.2,,
"IT","Italia","DEM_PTOUR_PERC1","persone che hanno effettuato viaggi - valori per 100 abitanti","TOTAL","Totale","HOLL","vacanza lunga (4 o più notti)","9","totale","TOTAL","totale","99","totale","2003-Q3","T3-2003",39.1,,
"IT","Italia","DEM_PTOUR_PERC1","persone che hanno effettuato viaggi - valori per 100 abitanti","TOTAL","Totale","HOLL","vacanza lunga (4 o più notti)","9","totale","TOTAL","totale","99","totale","2004-Q2","T2-2004",11.4,,
"IT","Italia","DEM_PTOUR_PERC1","persone che hanno effettuato viaggi - valori per 100 abitanti","TOTAL","Totale","HOLL","vacanza lunga (4 o più notti)","9","totale","TOTAL","totale","99","totale","2004-Q1","T1-2004",9.7,,
"IT","Italia","DEM_PTOUR_PERC1","persone che hanno effettuato viaggi - valori per 100 abitanti","TOTAL","Totale","HOLL","vacanza lunga (4 o più notti)","9","totale","TOTAL","totale","99","totale","2004-Q4","T4-2004",6.2,,
"IT","Italia","DEM_PTOUR_PERC1","persone che hanno effettuato viaggi - valori per 100 abitanti","TOTAL","Totale","HOLL","vacanza lunga (4 o più notti)","9","totale","TOTAL","totale","99","totale","2004-Q3","T3-2004",39.3,,
"IT","Italia","DEM_PTOUR_PERC1","persone che hanno effettuato viaggi - valori per 100 abitanti","TOTAL","Totale","HOLL","vacanza lunga (4 o più notti)","9","totale","TOTAL","totale","99","totale","2005-Q1","T1-2005",11.1,,
"IT","Italia","DEM_PTOUR_PERC1","persone che hanno effettuato viaggi - valori per 100 abitanti","TOTAL","Totale","HOLL","vacanza lunga (4 o più notti)","9","totale","TOTAL","totale","99","totale","2005-Q2","T2-2005",13.1,,
"IT","Italia","DEM_PTOUR_PERC1","persone che hanno effettuato viaggi - valori per 100 abitanti","TOTAL","Totale","HOLL","vacanza lunga (4 o più notti)","9","totale","TOTAL","totale","99","totale","2005-Q4","T4-2005",6.6,,
"IT","Italia","DEM_PTOUR_PERC1","persone che hanno effettuato viaggi - valori per 100 abitanti","TOTAL","Totale","HOLL","vacanza lunga (4 o più notti)","9","totale","TOTAL","totale","99","totale","2005-Q3","T3-2005",41.2,,
"IT","Italia","DEM_PTOUR_PERC1","persone che hanno effettuato viaggi - valori per 100 abitanti","TOTAL","Totale","HOLL","vacanza lunga (4 o più notti)","9","totale","TOTAL","totale","99","totale","2006-Q2","T2-2006",12.2,,
"IT","Italia","DEM_PTOUR_PERC1","persone che hanno effettuato viaggi - valori per 100 abitanti","TOTAL","Totale","HOLL","vacanza lunga (4 o più notti)","9","totale","TOTAL","totale","99","totale","2006-Q1","T1-2006",10.2,,
"IT","Italia","DEM_PTOUR_PERC1","persone che hanno effettuato viaggi - valori per 100 abitanti","TOTAL","Totale","HOLL","vacanza lunga (4 o più notti)","9","totale","TOTAL","totale","99","totale","2006-Q4","T4-2006",7.8,,
"IT","Italia","DEM_PTOUR_PERC1","persone che hanno effettuato viaggi - valori per 100 abitanti","TOTAL","Totale","HOLL","vacanza lunga (4 o più notti)","9","totale","TOTAL","totale","99","totale","2006-Q3","T3-2006",43.4,,
"IT","Italia","DEM_PTOUR_PERC1","persone che hanno effettuato viaggi - valori per 100 abitanti","TOTAL","Totale","HOLL","vacanza lunga (4 o più notti)","9","totale","TOTAL","totale","99","totale","2007-Q1","T1-2007",9.9,,
"IT","Italia","DEM_PTOUR_PERC1","persone che hanno effettuato viaggi - valori per 100 abitanti","TOTAL","Totale","HOLL","vacanza lunga (4 o più notti)","9","totale","TOTAL","totale","99","totale","2007-Q2","T2-2007",13,,
"IT","Italia","DEM_PTOUR_PERC1","persone che hanno effettuato viaggi - valori per 100 abitanti","TOTAL","Totale","HOLL","vacanza lunga (4 o più notti)","9","totale","TOTAL","totale","99","totale","2007-Q4","T4-2007",7.4,,
"IT","Italia","DEM_PTOUR_PERC1","persone che hanno effettuato viaggi - valori per 100 abitanti","TOTAL","Totale","HOLL","vacanza lunga (4 o più notti)","9","totale","TOTAL","totale","99","totale","2007-Q3","T3-2007",42,,
"IT","Italia","DEM_PTOUR_PERC1","persone che hanno effettuato viaggi - valori per 100 abitanti","TOTAL","Totale","HOLL","vacanza lunga (4 o più notti)","9","totale","TOTAL","totale","99","totale","2008-Q2","T2-2008",11.8,,
"IT","Italia","DEM_PTOUR_PERC1","persone che hanno effettuato viaggi - valori per 100 abitanti","TOTAL","Totale","HOLL","vacanza lunga (4 o più notti)","9","totale","TOTAL","totale","99","totale","2008-Q1","T1-2008",11.6,,
"IT","Italia","DEM_PTOUR_PERC1","persone che hanno effettuato viaggi - valori per 100 abitanti","TOTAL","Totale","HOLL","vacanza lunga (4 o più notti)","9","totale","TOTAL","totale","99","totale","2008-Q4","T4-2008",7.6,,
"IT","Italia","DEM_PTOUR_PERC1","persone che hanno effettuato viaggi - valori per 100 abitanti","TOTAL","Totale","HOLL","vacanza lunga (4 o più notti)","9","totale","TOTAL","totale","99","totale","2008-Q3","T3-2008",41.3,,
"IT","Italia","DEM_PTOUR_PERC1","persone che hanno effettuato viaggi - valori per 100 abitanti","TOTAL","Totale","HOLL","vacanza lunga (4 o più notti)","9","totale","TOTAL","totale","99","totale","2009-Q1","T1-2009",8.5,,
"IT","Italia","DEM_PTOUR_PERC1","persone che hanno effettuato viaggi - valori per 100 abitanti","TOTAL","Totale","HOLL","vacanza lunga (4 o più notti)","9","totale","TOTAL","totale","99","totale","2009-Q2","T2-2009",12.6,,
"IT","Italia","DEM_PTOUR_PERC1","persone che hanno effettuato viaggi - valori per 100 abitanti","TOTAL","Totale","HOLL","vacanza lunga (4 o più notti)","9","totale","TOTAL","totale","99","totale","2009-Q4","T4-2009",5.7,,
"IT","Italia","DEM_PTOUR_PERC1","persone che hanno effettuato viaggi - valori per 100 abitanti","TOTAL","Totale","HOLL","vacanza lunga (4 o più notti)","9","totale","TOTAL","totale","99","totale","2009-Q3","T3-2009",40.4,,
"IT","Italia","DEM_PTOUR_PERC1","persone che hanno effettuato viaggi - valori per 100 abitanti","TOTAL","Totale","HOLL","vacanza lunga (4 o più notti)","9","totale","TOTAL","totale","99","totale","2010-Q2","T2-2010",11.4,,
"IT","Italia","DEM_PTOUR_PERC1","persone che hanno effettuato viaggi - valori per 100 abitanti","TOTAL","Totale","HOLL","vacanza lunga (4 o più notti)","9","totale","TOTAL","totale","99","totale","2010-Q1","T1-2010",9.8,,
"IT","Italia","DEM_PTOUR_PERC1","persone che hanno effettuato viaggi - valori per 100 abitanti","TOTAL","Totale","HOLL","vacanza lunga (4 o più notti)","9","totale","TOTAL","totale","99","totale","2010-Q4","T4-2010",5.7,,
"IT","Italia","DEM_PTOUR_PERC1","persone che hanno effettuato viaggi - valori per 100 abitanti","TOTAL","Totale","HOLL","vacanza lunga (4 o più notti)","9","totale","TOTAL","totale","99","totale","2010-Q3","T3-2010",39.8,,
"IT","Italia","DEM_PTOUR_PERC1","persone che hanno effettuato viaggi - valori per 100 abitanti","TOTAL","Totale","HOLL","vacanza lunga (4 o più notti)","9","totale","TOTAL","totale","99","totale","2011-Q1","T1-2011",8.5,,
"IT","Italia","DEM_PTOUR_PERC1","persone che hanno effettuato viaggi - valori per 100 abitanti","TOTAL","Totale","HOLL","vacanza lunga (4 o più notti)","9","totale","TOTAL","totale","99","totale","2011-Q2","T2-2011",8.5,,
"IT","Italia","DEM_PTOUR_PERC1","persone che hanno effettuato viaggi - valori per 100 abitanti","TOTAL","Totale","HOLL","vacanza lunga (4 o più notti)","9","totale","TOTAL","totale","99","totale","2011-Q4","T4-2011",4.5,,
"IT","Italia","DEM_PTOUR_PERC1","persone che hanno effettuato viaggi - valori per 100 abitanti","TOTAL","Totale","HOLL","vacanza lunga (4 o più notti)","9","totale","TOTAL","totale","99","totale","2011-Q3","T3-2011",36.2,,
"IT","Italia","DEM_PTOUR_PERC1","persone che hanno effettuato viaggi - valori per 100 abitanti","TOTAL","Totale","HOLL","vacanza lunga (4 o più notti)","9","totale","TOTAL","totale","99","totale","2012-Q2","T2-2012",7.9,,
"IT","Italia","DEM_PTOUR_PERC1","persone che hanno effettuato viaggi - valori per 100 abitanti","TOTAL","Totale","HOLL","vacanza lunga (4 o più notti)","9","totale","TOTAL","totale","99","totale","2012-Q1","T1-2012",6.1,,
"IT","Italia","DEM_PTOUR_PERC1","persone che hanno effettuato viaggi - valori per 100 abitanti","TOTAL","Totale","HOLL","vacanza lunga (4 o più notti)","9","totale","TOTAL","totale","99","totale","2012-Q4","T4-2012",5.3,,
"IT","Italia","DEM_PTOUR_PERC1","persone che hanno effettuato viaggi - valori per 100 abitanti","TOTAL","Totale","HOLL","vacanza lunga (4 o più notti)","9","totale","TOTAL","totale","99","totale","2012-Q3","T3-2012",33.9,,
"IT","Italia","DEM_PTOUR_PERC1","persone che hanno effettuato viaggi - valori per 100 abitanti","TOTAL","Totale","HOLL","vacanza lunga (4 o più notti)","9","totale","TOTAL","totale","99","totale","2013-Q1","T1-2013",4.6,,
"IT","Italia","DEM_PTOUR_PERC1","persone che hanno effettuato viaggi - valori per 100 abitanti","TOTAL","Totale","HOLL","vacanza lunga (4 o più notti)","9","totale","TOTAL","totale","99","totale","2013-Q2","T2-2013",7,,
"IT","Italia","DEM_PTOUR_PERC1","persone che hanno effettuato viaggi - valori per 100 abitanti","TOTAL","Totale","HOLL","vacanza lunga (4 o più notti)","9","totale","TOTAL","totale","99","totale","2013-Q4","T4-2013",4,,
"IT","Italia","DEM_PTOUR_PERC1","persone che hanno effettuato viaggi - valori per 100 abitanti","TOTAL","Totale","HOLL","vacanza lunga (4 o più notti)","9","totale","TOTAL","totale","99","totale","2013-Q3","T3-2013",33.2,,
"IT","Italia","DEM_PTOUR_PERC1","persone che hanno effettuato viaggi - valori per 100 abitanti","TOTAL","Totale","BUS","viaggio di lavoro","9","totale","TOTAL","totale","99","totale","1998-Q2","T2-1998",3.4,,
"IT","Italia","DEM_PTOUR_PERC1","persone che hanno effettuato viaggi - valori per 100 abitanti","TOTAL","Totale","BUS","viaggio di lavoro","9","totale","TOTAL","totale","99","totale","1998-Q1","T1-1998",3.2,,
"IT","Italia","DEM_PTOUR_PERC1","persone che hanno effettuato viaggi - valori per 100 abitanti","TOTAL","Totale","BUS","viaggio di lavoro","9","totale","TOTAL","totale","99","totale","1998-Q4","T4-1998",3,,
"IT","Italia","DEM_PTOUR_PERC1","persone che hanno effettuato viaggi - valori per 100 abitanti","TOTAL","Totale","BUS","viaggio di lavoro","9","totale","TOTAL","totale","99","totale","1998-Q3","T3-1998",3.1,,
"IT","Italia","DEM_PTOUR_PERC1","persone che hanno effettuato viaggi - valori per 100 abitanti","TOTAL","Totale","BUS","viaggio di lavoro","9","totale","TOTAL","totale","99","totale","1999-Q1","T1-1999",3.2,,
"IT","Italia","DEM_PTOUR_PERC1","persone che hanno effettuato viaggi - valori per 100 abitanti","TOTAL","Totale","BUS","viaggio di lavoro","9","totale","TOTAL","totale","99","totale","1999-Q2","T2-1999",3.5,,
"IT","Italia","DEM_PTOUR_PERC1","persone che hanno effettuato viaggi - valori per 100 abitanti","TOTAL","Totale","BUS","viaggio di lavoro","9","totale","TOTAL","totale","99","totale","1999-Q4","T4-1999",3.5,,
"IT","Italia","DEM_PTOUR_PERC1","persone che hanno effettuato viaggi - valori per 100 abitanti","TOTAL","Totale","BUS","viaggio di lavoro","9","totale","TOTAL","totale","99","totale","1999-Q3","T3-1999",3.1,,
"IT","Italia","DEM_PTOUR_PERC1","persone che hanno effettuato viaggi - valori per 100 abitanti","TOTAL","Totale","BUS","viaggio di lavoro","9","totale","TOTAL","totale","99","totale","2000-Q2","T2-2000",3.5,,
"IT","Italia","DEM_PTOUR_PERC1","persone che hanno effettuato viaggi - valori per 100 abitanti","TOTAL","Totale","BUS","viaggio di lavoro","9","totale","TOTAL","totale","99","totale","2000-Q1","T1-2000",3.5,,
"IT","Italia","DEM_PTOUR_PERC1","persone che hanno effettuato viaggi - valori per 100 abitanti","TOTAL","Totale","BUS","viaggio di lavoro","9","totale","TOTAL","totale","99","totale","2000-Q4","T4-2000",3.1,,
"IT","Italia","DEM_PTOUR_PERC1","persone che hanno effettuato viaggi - valori per 100 abitanti","TOTAL","Totale","BUS","viaggio di lavoro","9","totale","TOTAL","totale","99","totale","2000-Q3","T3-2000",2.7,,
"IT","Italia","DEM_PTOUR_PERC1","persone che hanno effettuato viaggi - valori per 100 abitanti","TOTAL","Totale","BUS","viaggio di lavoro","9","totale","TOTAL","totale","99","totale","2001-Q1","T1-2001",3.8,,
"IT","Italia","DEM_PTOUR_PERC1","persone che hanno effettuato viaggi - valori per 100 abitanti","TOTAL","Totale","BUS","viaggio di lavoro","9","totale","TOTAL","totale","99","totale","2001-Q2","T2-2001",3.3,,
"IT","Italia","DEM_PTOUR_PERC1","persone che hanno effettuato viaggi - valori per 100 abitanti","TOTAL","Totale","BUS","viaggio di lavoro","9","totale","TOTAL","totale","99","totale","2001-Q4","T4-2001",3.5,,
"IT","Italia","DEM_PTOUR_PERC1","persone che hanno effettuato viaggi - valori per 100 abitanti","TOTAL","Totale","BUS","viaggio di lavoro","9","totale","TOTAL","totale","99","totale","2001-Q3","T3-2001",3,,
"IT","Italia","DEM_PTOUR_PERC1","persone che hanno effettuato viaggi - valori per 100 abitanti","TOTAL","Totale","BUS","viaggio di lavoro","9","totale","TOTAL","totale","99","totale","2002-Q2","T2-2002",3.5,,
"IT","Italia","DEM_PTOUR_PERC1","persone che hanno effettuato viaggi - valori per 100 abitanti","TOTAL","Totale","BUS","viaggio di lavoro","9","totale","TOTAL","totale","99","totale","2002-Q1","T1-2002",3.1,,
"IT","Italia","DEM_PTOUR_PERC1","persone che hanno effettuato viaggi - valori per 100 abitanti","TOTAL","Totale","BUS","viaggio di lavoro","9","totale","TOTAL","totale","99","totale","2002-Q4","T4-2002",3,,
"IT","Italia","DEM_PTOUR_PERC1","persone che hanno effettuato viaggi - valori per 100 abitanti","TOTAL","Totale","BUS","viaggio di lavoro","9","totale","TOTAL","totale","99","totale","2002-Q3","T3-2002",3.1,,
"IT","Italia","DEM_PTOUR_PERC1","persone che hanno effettuato viaggi - valori per 100 abitanti","TOTAL","Totale","BUS","viaggio di lavoro","9","totale","TOTAL","totale","99","totale","2003-Q1","T1-2003",3.5,,
"IT","Italia","DEM_PTOUR_PERC1","persone che hanno effettuato viaggi - valori per 100 abitanti","TOTAL","Totale","BUS","viaggio di lavoro","9","totale","TOTAL","totale","99","totale","2003-Q2","T2-2003",3.3,,
"IT","Italia","DEM_PTOUR_PERC1","persone che hanno effettuato viaggi - valori per 100 abitanti","TOTAL","Totale","BUS","viaggio di lavoro","9","totale","TOTAL","totale","99","totale","2003-Q4","T4-2003",2.9,,
"IT","Italia","DEM_PTOUR_PERC1","persone che hanno effettuato viaggi - valori per 100 abitanti","TOTAL","Totale","BUS","viaggio di lavoro","9","totale","TOTAL","totale","99","totale","2003-Q3","T3-2003",2.7,,
"IT","Italia","DEM_PTOUR_PERC1","persone che hanno effettuato viaggi - valori per 100 abitanti","TOTAL","Totale","BUS","viaggio di lavoro","9","totale","TOTAL","totale","99","totale","2004-Q2","T2-2004",4,,
"IT","Italia","DEM_PTOUR_PERC1","persone che hanno effettuato viaggi - valori per 100 abitanti","TOTAL","Totale","BUS","viaggio di lavoro","9","totale","TOTAL","totale","99","totale","2004-Q1","T1-2004",2.9,,
"IT","Italia","DEM_PTOUR_PERC1","persone che hanno effettuato viaggi - valori per 100 abitanti","TOTAL","Totale","BUS","viaggio di lavoro","9","totale","TOTAL","totale","99","totale","2004-Q4","T4-2004",3.3,,
"IT","Italia","DEM_PTOUR_PERC1","persone che hanno effettuato viaggi - valori per 100 abitanti","TOTAL","Totale","BUS","viaggio di lavoro","9","totale","TOTAL","totale","99","totale","2004-Q3","T3-2004",2.9,,
"IT","Italia","DEM_PTOUR_PERC1","persone che hanno effettuato viaggi - valori per 100 abitanti","TOTAL","Totale","BUS","viaggio di lavoro","9","totale","TOTAL","totale","99","totale","2005-Q1","T1-2005",2.8,,
"IT","Italia","DEM_PTOUR_PERC1","persone che hanno effettuato viaggi - valori per 100 abitanti","TOTAL","Totale","BUS","viaggio di lavoro","9","totale","TOTAL","totale","99","totale","2005-Q2","T2-2005",3.9,,
"IT","Italia","DEM_PTOUR_PERC1","persone che hanno effettuato viaggi - valori per 100 abitanti","TOTAL","Totale","BUS","viaggio di lavoro","9","totale","TOTAL","totale","99","totale","2005-Q4","T4-2005",3.3,,
"IT","Italia","DEM_PTOUR_PERC1","persone che hanno effettuato viaggi - valori per 100 abitanti","TOTAL","Totale","BUS","viaggio di lavoro","9","totale","TOTAL","totale","99","totale","2005-Q3","T3-2005",3,,
"IT","Italia","DEM_PTOUR_PERC1","persone che hanno effettuato viaggi - valori per 100 abitanti","TOTAL","Totale","BUS","viaggio di lavoro","9","totale","TOTAL","totale","99","totale","2006-Q2","T2-2006",2.6,,
"IT","Italia","DEM_PTOUR_PERC1","persone che hanno effettuato viaggi - valori per 100 abitanti","TOTAL","Totale","BUS","viaggio di lavoro","9","totale","TOTAL","totale","99","totale","2006-Q1","T1-2006",3.7,,
"IT","Italia","DEM_PTOUR_PERC1","persone che hanno effettuato viaggi - valori per 100 abitanti","TOTAL","Totale","BUS","viaggio di lavoro","9","totale","TOTAL","totale","99","totale","2006-Q4","T4-2006",3.1,,
"IT","Italia","DEM_PTOUR_PERC1","persone che hanno effettuato viaggi - valori per 100 abitanti","TOTAL","Totale","BUS","viaggio di lavoro","9","totale","TOTAL","totale","99","totale","2006-Q3","T3-2006",2.5,,
"IT","Italia","DEM_PTOUR_PERC1","persone che hanno effettuato viaggi - valori per 100 abitanti","TOTAL","Totale","BUS","viaggio di lavoro","9","totale","TOTAL","totale","99","totale","2007-Q1","T1-2007",3.2,,
"IT","Italia","DEM_PTOUR_PERC1","persone che hanno effettuato viaggi - valori per 100 abitanti","TOTAL","Totale","BUS","viaggio di lavoro","9","totale","TOTAL","totale","99","totale","2007-Q2","T2-2007",3.6,,
"IT","Italia","DEM_PTOUR_PERC1","persone che hanno effettuato viaggi - valori per 100 abitanti","TOTAL","Totale","BUS","viaggio di lavoro","9","totale","TOTAL","totale","99","totale","2007-Q4","T4-2007",3.4,,
"IT","Italia","DEM_PTOUR_PERC1","persone che hanno effettuato viaggi - valori per 100 abitanti","TOTAL","Totale","BUS","viaggio di lavoro","9","totale","TOTAL","totale","99","totale","2007-Q3","T3-2007",3.2,,
"IT","Italia","DEM_PTOUR_PERC1","persone che hanno effettuato viaggi - valori per 100 abitanti","TOTAL","Totale","BUS","viaggio di lavoro","9","totale","TOTAL","totale","99","totale","2008-Q2","T2-2008",3.2,,
"IT","Italia","DEM_PTOUR_PERC1","persone che hanno effettuato viaggi - valori per 100 abitanti","TOTAL","Totale","BUS","viaggio di lavoro","9","totale","TOTAL","totale","99","totale","2008-Q1","T1-2008",3.3,,
"IT","Italia","DEM_PTOUR_PERC1","persone che hanno effettuato viaggi - valori per 100 abitanti","TOTAL","Totale","BUS","viaggio di lavoro","9","totale","TOTAL","totale","99","totale","2008-Q4","T4-2008",4.1,,
"IT","Italia","DEM_PTOUR_PERC1","persone che hanno effettuato viaggi - valori per 100 abitanti","TOTAL","Totale","BUS","viaggio di lavoro","9","totale","TOTAL","totale","99","totale","2008-Q3","T3-2008",3.3,,
"IT","Italia","DEM_PTOUR_PERC1","persone che hanno effettuato viaggi - valori per 100 abitanti","TOTAL","Totale","BUS","viaggio di lavoro","9","totale","TOTAL","totale","99","totale","2009-Q1","T1-2009",2.8,,
"IT","Italia","DEM_PTOUR_PERC1","persone che hanno effettuato viaggi - valori per 100 abitanti","TOTAL","Totale","BUS","viaggio di lavoro","9","totale","TOTAL","totale","99","totale","2009-Q2","T2-2009",3.3,,
"IT","Italia","DEM_PTOUR_PERC1","persone che hanno effettuato viaggi - valori per 100 abitanti","TOTAL","Totale","BUS","viaggio di lavoro","9","totale","TOTAL","totale","99","totale","2009-Q4","T4-2009",3.1,,
"IT","Italia","DEM_PTOUR_PERC1","persone che hanno effettuato viaggi - valori per 100 abitanti","TOTAL","Totale","BUS","viaggio di lavoro","9","totale","TOTAL","totale","99","totale","2009-Q3","T3-2009",3.4,,
"IT","Italia","DEM_PTOUR_PERC1","persone che hanno effettuato viaggi - valori per 100 abitanti","TOTAL","Totale","BUS","viaggio di lavoro","9","totale","TOTAL","totale","99","totale","2010-Q2","T2-2010",3.3,,
"IT","Italia","DEM_PTOUR_PERC1","persone che hanno effettuato viaggi - valori per 100 abitanti","TOTAL","Totale","BUS","viaggio di lavoro","9","totale","TOTAL","totale","99","totale","2010-Q1","T1-2010",3.1,,
"IT","Italia","DEM_PTOUR_PERC1","persone che hanno effettuato viaggi - valori per 100 abitanti","TOTAL","Totale","BUS","viaggio di lavoro","9","totale","TOTAL","totale","99","totale","2010-Q4","T4-2010",2.7,,
"IT","Italia","DEM_PTOUR_PERC1","persone che hanno effettuato viaggi - valori per 100 abitanti","TOTAL","Totale","BUS","viaggio di lavoro","9","totale","TOTAL","totale","99","totale","2010-Q3","T3-2010",2.5,,
"IT","Italia","DEM_PTOUR_PERC1","persone che hanno effettuato viaggi - valori per 100 abitanti","TOTAL","Totale","BUS","viaggio di lavoro","9","totale","TOTAL","totale","99","totale","2011-Q1","T1-2011",2.6,,
"IT","Italia","DEM_PTOUR_PERC1","persone che hanno effettuato viaggi - valori per 100 abitanti","TOTAL","Totale","BUS","viaggio di lavoro","9","totale","TOTAL","totale","99","totale","2011-Q2","T2-2011",2.2,,
"IT","Italia","DEM_PTOUR_PERC1","persone che hanno effettuato viaggi - valori per 100 abitanti","TOTAL","Totale","BUS","viaggio di lavoro","9","totale","TOTAL","totale","99","totale","2011-Q4","T4-2011",2.5,,
"IT","Italia","DEM_PTOUR_PERC1","persone che hanno effettuato viaggi - valori per 100 abitanti","TOTAL","Totale","BUS","viaggio di lavoro","9","totale","TOTAL","totale","99","totale","2011-Q3","T3-2011",1.5,,
"IT","Italia","DEM_PTOUR_PERC1","persone che hanno effettuato viaggi - valori per 100 abitanti","TOTAL","Totale","BUS","viaggio di lavoro","9","totale","TOTAL","totale","99","totale","2012-Q2","T2-2012",3.3,,
"IT","Italia","DEM_PTOUR_PERC1","persone che hanno effettuato viaggi - valori per 100 abitanti","TOTAL","Totale","BUS","viaggio di lavoro","9","totale","TOTAL","totale","99","totale","2012-Q1","T1-2012",1.7,,
"IT","Italia","DEM_PTOUR_PERC1","persone che hanno effettuato viaggi - valori per 100 abitanti","TOTAL","Totale","BUS","viaggio di lavoro","9","totale","TOTAL","totale","99","totale","2012-Q4","T4-2012",2.2,,
"IT","Italia","DEM_PTOUR_PERC1","persone che hanno effettuato viaggi - valori per 100 abitanti","TOTAL","Totale","BUS","viaggio di lavoro","9","totale","TOTAL","totale","99","totale","2012-Q3","T3-2012",2.1,,
"IT","Italia","DEM_PTOUR_PERC1","persone che hanno effettuato viaggi - valori per 100 abitanti","TOTAL","Totale","BUS","viaggio di lavoro","9","totale","TOTAL","totale","99","totale","2013-Q1","T1-2013",1.8,,
"IT","Italia","DEM_PTOUR_PERC1","persone che hanno effettuato viaggi - valori per 100 abitanti","TOTAL","Totale","BUS","viaggio di lavoro","9","totale","TOTAL","totale","99","totale","2013-Q2","T2-2013",1.2,,
"IT","Italia","DEM_PTOUR_PERC1","persone che hanno effettuato viaggi - valori per 100 abitanti","TOTAL","Totale","BUS","viaggio di lavoro","9","totale","TOTAL","totale","99","totale","2013-Q4","T4-2013",1.7,,
"IT","Italia","DEM_PTOUR_PERC1","persone che hanno effettuato viaggi - valori per 100 abitanti","TOTAL","Totale","BUS","viaggio di lavoro","9","totale","TOTAL","totale","99","totale","2013-Q3","T3-2013",1.3,,
"IT","Italia","DEM_PTOUR_PERC1","persone che hanno effettuato viaggi - valori per 100 abitanti","TOTAL","Totale","TRIP","tutti i tipi di viaggio","9","totale","TOTAL","totale","99","totale","1998-Q2","T2-1998",20.9,,
"IT","Italia","DEM_PTOUR_PERC1","persone che hanno effettuato viaggi - valori per 100 abitanti","TOTAL","Totale","TRIP","tutti i tipi di viaggio","9","totale","TOTAL","totale","99","totale","1998-Q1","T1-1998",17.6,,
"IT","Italia","DEM_PTOUR_PERC1","persone che hanno effettuato viaggi - valori per 100 abitanti","TOTAL","Totale","TRIP","tutti i tipi di viaggio","9","totale","TOTAL","totale","99","totale","1998-Q4","T4-1998",14.5,,
"IT","Italia","DEM_PTOUR_PERC1","persone che hanno effettuato viaggi - valori per 100 abitanti","TOTAL","Totale","TRIP","tutti i tipi di viaggio","9","totale","TOTAL","totale","99","totale","1998-Q3","T3-1998",45.7,,
"IT","Italia","DEM_PTOUR_PERC1","persone che hanno effettuato viaggi - valori per 100 abitanti","TOTAL","Totale","TRIP","tutti i tipi di viaggio","9","totale","TOTAL","totale","99","totale","1999-Q1","T1-1999",16.8,,
"IT","Italia","DEM_PTOUR_PERC1","persone che hanno effettuato viaggi - valori per 100 abitanti","TOTAL","Totale","TRIP","tutti i tipi di viaggio","9","totale","TOTAL","totale","99","totale","1999-Q2","T2-1999",22.8,,
"IT","Italia","DEM_PTOUR_PERC1","persone che hanno effettuato viaggi - valori per 100 abitanti","TOTAL","Totale","TRIP","tutti i tipi di viaggio","9","totale","TOTAL","totale","99","totale","1999-Q4","T4-1999",16.7,,
"IT","Italia","DEM_PTOUR_PERC1","persone che hanno effettuato viaggi - valori per 100 abitanti","TOTAL","Totale","TRIP","tutti i tipi di viaggio","9","totale","TOTAL","totale","99","totale","1999-Q3","T3-1999",43.6,,
"IT","Italia","DEM_PTOUR_PERC1","persone che hanno effettuato viaggi - valori per 100 abitanti","TOTAL","Totale","TRIP","tutti i tipi di viaggio","9","totale","TOTAL","totale","99","totale","2000-Q2","T2-2000",23.5,,
"IT","Italia","DEM_PTOUR_PERC1","persone che hanno effettuato viaggi - valori per 100 abitanti","TOTAL","Totale","TRIP","tutti i tipi di viaggio","9","totale","TOTAL","totale","99","totale","2000-Q1","T1-2000",17.7,,
"IT","Italia","DEM_PTOUR_PERC1","persone che hanno effettuato viaggi - valori per 100 abitanti","TOTAL","Totale","TRIP","tutti i tipi di viaggio","9","totale","TOTAL","totale","99","totale","2000-Q4","T4-2000",15.6,,
"IT","Italia","DEM_PTOUR_PERC1","persone che hanno effettuato viaggi - valori per 100 abitanti","TOTAL","Totale","TRIP","tutti i tipi di viaggio","9","totale","TOTAL","totale","99","totale","2000-Q3","T3-2000",45.2,,
"IT","Italia","DEM_PTOUR_PERC1","persone che hanno effettuato viaggi - valori per 100 abitanti","TOTAL","Totale","TRIP","tutti i tipi di viaggio","9","totale","TOTAL","totale","99","totale","2001-Q1","T1-2001",19.2,,
"IT","Italia","DEM_PTOUR_PERC1","persone che hanno effettuato viaggi - valori per 100 abitanti","TOTAL","Totale","TRIP","tutti i tipi di viaggio","9","totale","TOTAL","totale","99","totale","2001-Q2","T2-2001",23.4,,
"IT","Italia","DEM_PTOUR_PERC1","persone che hanno effettuato viaggi - valori per 100 abitanti","TOTAL","Totale","TRIP","tutti i tipi di viaggio","9","totale","TOTAL","totale","99","totale","2001-Q4","T4-2001",17.1,,
"IT","Italia","DEM_PTOUR_PERC1","persone che hanno effettuato viaggi - valori per 100 abitanti","TOTAL","Totale","TRIP","tutti i tipi di viaggio","9","totale","TOTAL","totale","99","totale","2001-Q3","T3-2001",44.1,,
"IT","Italia","DEM_PTOUR_PERC1","persone che hanno effettuato viaggi - valori per 100 abitanti","TOTAL","Totale","TRIP","tutti i tipi di viaggio","9","totale","TOTAL","totale","99","totale","2002-Q2","T2-2002",24.9,,
"IT","Italia","DEM_PTOUR_PERC1","persone che hanno effettuato viaggi - valori per 100 abitanti","TOTAL","Totale","TRIP","tutti i tipi di viaggio","9","totale","TOTAL","totale","99","totale","2002-Q1","T1-2002",18.7,,
"IT","Italia","DEM_PTOUR_PERC1","persone che hanno effettuato viaggi - valori per 100 abitanti","TOTAL","Totale","TRIP","tutti i tipi di viaggio","9","totale","TOTAL","totale","99","totale","2002-Q4","T4-2002",16.8,,
"IT","Italia","DEM_PTOUR_PERC1","persone che hanno effettuato viaggi - valori per 100 abitanti","TOTAL","Totale","TRIP","tutti i tipi di viaggio","9","totale","TOTAL","totale","99","totale","2002-Q3","T3-2002",47.3,,
"IT","Italia","DEM_PTOUR_PERC1","persone che hanno effettuato viaggi - valori per 100 abitanti","TOTAL","Totale","TRIP","tutti i tipi di viaggio","9","totale","TOTAL","totale","99","totale","2003-Q1","T1-2003",19.3,,
"IT","Italia","DEM_PTOUR_PERC1","persone che hanno effettuato viaggi - valori per 100 abitanti","TOTAL","Totale","TRIP","tutti i tipi di viaggio","9","totale","TOTAL","totale","99","totale","2003-Q2","T2-2003",25.2,,
"IT","Italia","DEM_PTOUR_PERC1","persone che hanno effettuato viaggi - valori per 100 abitanti","TOTAL","Totale","TRIP","tutti i tipi di viaggio","9","totale","TOTAL","totale","99","totale","2003-Q4","T4-2003",13.8,,
"IT","Italia","DEM_PTOUR_PERC1","persone che hanno effettuato viaggi - valori per 100 abitanti","TOTAL","Totale","TRIP","tutti i tipi di viaggio","9","totale","TOTAL","totale","99","totale","2003-Q3","T3-2003",44.8,,
"IT","Italia","DEM_PTOUR_PERC1","persone che hanno effettuato viaggi - valori per 100 abitanti","TOTAL","Totale","TRIP","tutti i tipi di viaggio","9","totale","TOTAL","totale","99","totale","2004-Q2","T2-2004",24.3,,
"IT","Italia","DEM_PTOUR_PERC1","persone che hanno effettuato viaggi - valori per 100 abitanti","TOTAL","Totale","TRIP","tutti i tipi di viaggio","9","totale","TOTAL","totale","99","totale","2004-Q1","T1-2004",18.9,,
"IT","Italia","DEM_PTOUR_PERC1","persone che hanno effettuato viaggi - valori per 100 abitanti","TOTAL","Totale","TRIP","tutti i tipi di viaggio","9","totale","TOTAL","totale","99","totale","2004-Q4","T4-2004",16.4,,
"IT","Italia","DEM_PTOUR_PERC1","persone che hanno effettuato viaggi - valori per 100 abitanti","TOTAL","Totale","TRIP","tutti i tipi di viaggio","9","totale","TOTAL","totale","99","totale","2004-Q3","T3-2004",45.8,,
"IT","Italia","DEM_PTOUR_PERC1","persone che hanno effettuato viaggi - valori per 100 abitanti","TOTAL","Totale","TRIP","tutti i tipi di viaggio","9","totale","TOTAL","totale","99","totale","2005-Q1","T1-2005",21.7,,
"IT","Italia","DEM_PTOUR_PERC1","persone che hanno effettuato viaggi - valori per 100 abitanti","TOTAL","Totale","TRIP","tutti i tipi di viaggio","9","totale","TOTAL","totale","99","totale","2005-Q2","T2-2005",27.9,,
"IT","Italia","DEM_PTOUR_PERC1","persone che hanno effettuato viaggi - valori per 100 abitanti","TOTAL","Totale","TRIP","tutti i tipi di viaggio","9","totale","TOTAL","totale","99","totale","2005-Q4","T4-2005",17.8,,
"IT","Italia","DEM_PTOUR_PERC1","persone che hanno effettuato viaggi - valori per 100 abitanti","TOTAL","Totale","TRIP","tutti i tipi di viaggio","9","totale","TOTAL","totale","99","totale","2005-Q3","T3-2005",48.2,,
"IT","Italia","DEM_PTOUR_PERC1","persone che hanno effettuato viaggi - valori per 100 abitanti","TOTAL","Totale","TRIP","tutti i tipi di viaggio","9","totale","TOTAL","totale","99","totale","2006-Q2","T2-2006",24.7,,
"IT","Italia","DEM_PTOUR_PERC1","persone che hanno effettuato viaggi - valori per 100 abitanti","TOTAL","Totale","TRIP","tutti i tipi di viaggio","9","totale","TOTAL","totale","99","totale","2006-Q1","T1-2006",21.6,,
"IT","Italia","DEM_PTOUR_PERC1","persone che hanno effettuato viaggi - valori per 100 abitanti","TOTAL","Totale","TRIP","tutti i tipi di viaggio","9","totale","TOTAL","totale","99","totale","2006-Q4","T4-2006",19,,
"IT","Italia","DEM_PTOUR_PERC1","persone che hanno effettuato viaggi - valori per 100 abitanti","TOTAL","Totale","TRIP","tutti i tipi di viaggio","9","totale","TOTAL","totale","99","totale","2006-Q3","T3-2006",50.1,,
"IT","Italia","DEM_PTOUR_PERC1","persone che hanno effettuato viaggi - valori per 100 abitanti","TOTAL","Totale","TRIP","tutti i tipi di viaggio","9","totale","TOTAL","totale","99","totale","2007-Q1","T1-2007",20.5,,
"IT","Italia","DEM_PTOUR_PERC1","persone che hanno effettuato viaggi - valori per 100 abitanti","TOTAL","Totale","TRIP","tutti i tipi di viaggio","9","totale","TOTAL","totale","99","totale","2007-Q2","T2-2007",28.8,,
"IT","Italia","DEM_PTOUR_PERC1","persone che hanno effettuato viaggi - valori per 100 abitanti","TOTAL","Totale","TRIP","tutti i tipi di viaggio","9","totale","TOTAL","totale","99","totale","2007-Q4","T4-2007",18.8,,
"IT","Italia","DEM_PTOUR_PERC1","persone che hanno effettuato viaggi - valori per 100 abitanti","TOTAL","Totale","TRIP","tutti i tipi di viaggio","9","totale","TOTAL","totale","99","totale","2007-Q3","T3-2007",48.9,,
"IT","Italia","DEM_PTOUR_PERC1","persone che hanno effettuato viaggi - valori per 100 abitanti","TOTAL","Totale","TRIP","tutti i tipi di viaggio","9","totale","TOTAL","totale","99","totale","2008-Q2","T2-2008",26.2,,
"IT","Italia","DEM_PTOUR_PERC1","persone che hanno effettuato viaggi - valori per 100 abitanti","TOTAL","Totale","TRIP","tutti i tipi di viaggio","9","totale","TOTAL","totale","99","totale","2008-Q1","T1-2008",24.1,,
"IT","Italia","DEM_PTOUR_PERC1","persone che hanno effettuato viaggi - valori per 100 abitanti","TOTAL","Totale","TRIP","tutti i tipi di viaggio","9","totale","TOTAL","totale","99","totale","2008-Q4","T4-2008",22.2,,
"IT","Italia","DEM_PTOUR_PERC1","persone che hanno effettuato viaggi - valori per 100 abitanti","TOTAL","Totale","TRIP","tutti i tipi di viaggio","9","totale","TOTAL","totale","99","totale","2008-Q3","T3-2008",49.2,,
"IT","Italia","DEM_PTOUR_PERC1","persone che hanno effettuato viaggi - valori per 100 abitanti","TOTAL","Totale","TRIP","tutti i tipi di viaggio","9","totale","TOTAL","totale","99","totale","2009-Q1","T1-2009",18.8,,
"IT","Italia","DEM_PTOUR_PERC1","persone che hanno effettuato viaggi - valori per 100 abitanti","TOTAL","Totale","TRIP","tutti i tipi di viaggio","9","totale","TOTAL","totale","99","totale","2009-Q2","T2-2009",27.4,,
"IT","Italia","DEM_PTOUR_PERC1","persone che hanno effettuato viaggi - valori per 100 abitanti","TOTAL","Totale","TRIP","tutti i tipi di viaggio","9","totale","TOTAL","totale","99","totale","2009-Q4","T4-2009",18.4,,
"IT","Italia","DEM_PTOUR_PERC1","persone che hanno effettuato viaggi - valori per 100 abitanti","TOTAL","Totale","TRIP","tutti i tipi di viaggio","9","totale","TOTAL","totale","99","totale","2009-Q3","T3-2009",47.5,,
"IT","Italia","DEM_PTOUR_PERC1","persone che hanno effettuato viaggi - valori per 100 abitanti","TOTAL","Totale","TRIP","tutti i tipi di viaggio","9","totale","TOTAL","totale","99","totale","2010-Q2","T2-2010",24.3,,
"IT","Italia","DEM_PTOUR_PERC1","persone che hanno effettuato viaggi - valori per 100 abitanti","TOTAL","Totale","TRIP","tutti i tipi di viaggio","9","totale","TOTAL","totale","99","totale","2010-Q1","T1-2010",21.9,,
"IT","Italia","DEM_PTOUR_PERC1","persone che hanno effettuato viaggi - valori per 100 abitanti","TOTAL","Totale","TRIP","tutti i tipi di viaggio","9","totale","TOTAL","totale","99","totale","2010-Q4","T4-2010",15.5,,
"IT","Italia","DEM_PTOUR_PERC1","persone che hanno effettuato viaggi - valori per 100 abitanti","TOTAL","Totale","TRIP","tutti i tipi di viaggio","9","totale","TOTAL","totale","99","totale","2010-Q3","T3-2010",46.4,,
"IT","Italia","DEM_PTOUR_PERC1","persone che hanno effettuato viaggi - valori per 100 abitanti","TOTAL","Totale","TRIP","tutti i tipi di viaggio","9","totale","TOTAL","totale","99","totale","2011-Q1","T1-2011",17.4,,
"IT","Italia","DEM_PTOUR_PERC1","persone che hanno effettuato viaggi - valori per 100 abitanti","TOTAL","Totale","TRIP","tutti i tipi di viaggio","9","totale","TOTAL","totale","99","totale","2011-Q2","T2-2011",19.8,,
"IT","Italia","DEM_PTOUR_PERC1","persone che hanno effettuato viaggi - valori per 100 abitanti","TOTAL","Totale","TRIP","tutti i tipi di viaggio","9","totale","TOTAL","totale","99","totale","2011-Q4","T4-2011",14.6,,
"IT","Italia","DEM_PTOUR_PERC1","persone che hanno effettuato viaggi - valori per 100 abitanti","TOTAL","Totale","TRIP","tutti i tipi di viaggio","9","totale","TOTAL","totale","99","totale","2011-Q3","T3-2011",42.7,,
"IT","Italia","DEM_PTOUR_PERC1","persone che hanno effettuato viaggi - valori per 100 abitanti","TOTAL","Totale","TRIP","tutti i tipi di viaggio","9","totale","TOTAL","totale","99","totale","2012-Q2","T2-2012",22.1,,
"IT","Italia","DEM_PTOUR_PERC1","persone che hanno effettuato viaggi - valori per 100 abitanti","TOTAL","Totale","TRIP","tutti i tipi di viaggio","9","totale","TOTAL","totale","99","totale","2012-Q1","T1-2012",14.3,,
"IT","Italia","DEM_PTOUR_PERC1","persone che hanno effettuato viaggi - valori per 100 abitanti","TOTAL","Totale","TRIP","tutti i tipi di viaggio","9","totale","TOTAL","totale","99","totale","2012-Q4","T4-2012",14.9,,
"IT","Italia","DEM_PTOUR_PERC1","persone che hanno effettuato viaggi - valori per 100 abitanti","TOTAL","Totale","TRIP","tutti i tipi di viaggio","9","totale","TOTAL","totale","99","totale","2012-Q3","T3-2012",41.6,,
"IT","Italia","DEM_PTOUR_PERC1","persone che hanno effettuato viaggi - valori per 100 abitanti","TOTAL","Totale","TRIP","tutti i tipi di viaggio","9","totale","TOTAL","totale","99","totale","2013-Q1","T1-2013",12.5,,
"IT","Italia","DEM_PTOUR_PERC1","persone che hanno effettuato viaggi - valori per 100 abitanti","TOTAL","Totale","TRIP","tutti i tipi di viaggio","9","totale","TOTAL","totale","99","totale","2013-Q2","T2-2013",16.6,,
"IT","Italia","DEM_PTOUR_PERC1","persone che hanno effettuato viaggi - valori per 100 abitanti","TOTAL","Totale","TRIP","tutti i tipi di viaggio","9","totale","TOTAL","totale","99","totale","2013-Q4","T4-2013",12.5,,
"IT","Italia","DEM_PTOUR_PERC1","persone che hanno effettuato viaggi - valori per 100 abitanti","TOTAL","Totale","TRIP","tutti i tipi di viaggio","9","totale","TOTAL","totale","99","totale","2013-Q3","T3-2013",38.7,,
